id,temperature,humidity,created_at
5,36.1,62,"2025-12-31 09:22:10"
6,34.8,58.2,"2025-12-31 09:17:10"
7,37.2,65.5,"2025-12-31 09:12:10"
8,38,70.1,"2025-12-31 09:07:10"
9,33.5,55.4,"2025-12-31 09:02:10"
10,35.9,61.8,"2025-12-31 08:57:10"
11,36.5,63.2,"2025-12-31 08:52:10"
12,39.1,72.5,"2025-12-31 08:47:10"
13,34.2,59,"2025-12-31 08:42:10"
14,36.6,67.76,"2025-12-31 10:07:27"
15,32.5,65.2,"2025-12-31 10:37:18"
16,38.5,70.2,"2025-12-31 10:37:19"
17,29.01,67.92,"2025-12-31 12:22:41"
18,29.04,68.09,"2025-12-31 12:22:43"
19,29,67.87,"2025-12-31 12:22:45"
20,29.03,68.24,"2025-12-31 12:22:47"
21,29.03,68.38,"2025-12-31 12:22:49"
22,29.03,68.37,"2025-12-31 12:22:51"
23,29.05,68.62,"2025-12-31 12:22:53"
24,29.04,68.45,"2025-12-31 12:22:55"
25,29.05,68.34,"2025-12-31 12:22:57"
26,29.07,68.62,"2025-12-31 12:22:59"
27,29.08,68.7,"2025-12-31 12:23:01"
28,29.08,67.87,"2025-12-31 12:23:04"
29,29.06,66.99,"2025-12-31 12:23:06"
30,29.05,66.81,"2025-12-31 12:23:08"
31,29.04,66.25,"2025-12-31 12:23:10"
32,29.04,66.01,"2025-12-31 12:23:15"
33,29.03,65.72,"2025-12-31 12:23:16"
34,29.02,65.33,"2025-12-31 12:23:17"
35,29.02,64.93,"2025-12-31 12:23:18"
36,29.01,64.66,"2025-12-31 12:23:20"
37,29.04,64.77,"2025-12-31 12:23:22"
38,29.02,64.5,"2025-12-31 12:23:25"
39,29,64.32,"2025-12-31 12:23:26"
40,29.02,64.19,"2025-12-31 12:23:29"
41,28.99,63.86,"2025-12-31 12:23:31"
42,28.99,63.53,"2025-12-31 12:23:33"
43,29,63.25,"2025-12-31 12:23:35"
44,29,64.51,"2025-12-31 12:23:37"
45,29.01,64.84,"2025-12-31 12:23:39"
46,29.01,64.99,"2025-12-31 12:23:41"
47,29.02,64.74,"2025-12-31 12:23:43"
48,29.01,64.44,"2025-12-31 12:23:45"
49,28.98,64.05,"2025-12-31 12:23:47"
50,28.97,63.65,"2025-12-31 12:23:49"
51,28.97,63.51,"2025-12-31 12:23:53"
52,29.01,63.82,"2025-12-31 12:23:54"
53,29.03,64.11,"2025-12-31 12:23:56"
54,29.06,64.67,"2025-12-31 12:23:58"
55,29.09,64.67,"2025-12-31 12:24:00"
56,29.14,65.41,"2025-12-31 12:24:02"
57,29.24,66.66,"2025-12-31 12:24:04"
58,29.29,66.93,"2025-12-31 12:24:06"
59,29.37,67.92,"2025-12-31 12:24:08"
60,29.51,69.02,"2025-12-31 12:24:13"
61,29.61,69.46,"2025-12-31 12:24:14"
62,30.11,72.6,"2025-12-31 12:24:15"
63,31.05,89.11,"2025-12-31 12:24:16"
64,32.48,100,"2025-12-31 12:24:19"
65,31.87,91.83,"2025-12-31 12:24:21"
66,31.83,87.37,"2025-12-31 12:24:23"
67,31.63,87.52,"2025-12-31 12:24:25"
68,30.72,81.02,"2025-12-31 12:24:28"
69,30.28,76.42,"2025-12-31 12:24:30"
70,29.97,72.71,"2025-12-31 12:24:31"
71,29.75,70.23,"2025-12-31 12:24:33"
72,29.7,67.84,"2025-12-31 12:24:36"
73,29.7,67.14,"2025-12-31 12:24:38"
74,29.69,66.16,"2025-12-31 12:24:41"
75,29.77,66.79,"2025-12-31 12:24:42"
76,29.78,66.08,"2025-12-31 12:24:45"
77,29.76,64.85,"2025-12-31 12:24:47"
78,29.74,63.89,"2025-12-31 12:24:49"
79,29.71,63.18,"2025-12-31 12:24:51"
80,29.7,62.59,"2025-12-31 12:24:53"
81,29.66,62.1,"2025-12-31 12:24:55"
82,29.66,62.49,"2025-12-31 12:24:57"
83,29.64,62.07,"2025-12-31 12:24:59"
84,29.61,61.73,"2025-12-31 12:25:01"
85,29.6,61.92,"2025-12-31 12:25:03"
86,29.62,61.74,"2025-12-31 12:25:05"
87,29.6,61.91,"2025-12-31 12:25:07"
88,29.63,63.29,"2025-12-31 12:25:10"
89,29.66,64.13,"2025-12-31 12:25:12"
90,29.66,64.86,"2025-12-31 12:25:14"
91,29.65,65.09,"2025-12-31 12:25:16"
92,29.67,65.72,"2025-12-31 12:25:18"
93,29.7,65.78,"2025-12-31 12:25:20"
94,29.68,66.31,"2025-12-31 12:25:22"
95,29.66,65.67,"2025-12-31 12:25:24"
96,29.61,64.79,"2025-12-31 12:25:26"
97,29.58,63.84,"2025-12-31 12:25:28"
98,29.6,64.41,"2025-12-31 12:25:30"
99,29.6,64.58,"2025-12-31 12:25:32"
100,29.58,65.07,"2025-12-31 12:25:34"
101,29.55,64.81,"2025-12-31 12:25:37"
102,29.54,64.13,"2025-12-31 12:25:39"
103,29.55,63.67,"2025-12-31 12:25:41"
104,29.52,63.36,"2025-12-31 12:25:43"
105,29.53,63.07,"2025-12-31 12:25:45"
106,29.49,62.64,"2025-12-31 12:25:47"
107,29.51,62.63,"2025-12-31 12:25:49"
108,29.52,63.08,"2025-12-31 12:25:51"
109,29.5,63.05,"2025-12-31 12:25:53"
110,29.49,63.67,"2025-12-31 12:25:55"
111,29.5,64.08,"2025-12-31 12:25:57"
112,29.46,63.54,"2025-12-31 12:26:01"
113,29.44,63,"2025-12-31 12:26:03"
114,29.42,62.9,"2025-12-31 12:26:04"
115,29.43,63.36,"2025-12-31 12:26:06"
116,29.43,63.19,"2025-12-31 12:26:08"
117,29.4,62.6,"2025-12-31 12:26:10"
118,29.37,62.13,"2025-12-31 12:26:12"
119,29.38,61.83,"2025-12-31 12:26:14"
120,29.36,61.58,"2025-12-31 12:26:16"
121,29.34,61.34,"2025-12-31 12:26:18"
122,29.32,61.22,"2025-12-31 12:26:20"
123,29.3,61.02,"2025-12-31 12:26:23"
124,29.29,60.9,"2025-12-31 12:26:25"
125,29.29,60.73,"2025-12-31 12:26:27"
126,29.26,60.69,"2025-12-31 12:26:30"
127,29.25,60.63,"2025-12-31 12:26:31"
128,29.25,60.67,"2025-12-31 12:26:33"
129,29.24,60.74,"2025-12-31 12:26:35"
130,29.23,60.72,"2025-12-31 12:26:37"
131,29.22,60.7,"2025-12-31 12:26:39"
132,29.19,60.81,"2025-12-31 12:26:41"
133,29.25,62.19,"2025-12-31 12:26:43"
134,29.24,62.47,"2025-12-31 12:26:46"
135,29.22,62.4,"2025-12-31 12:26:48"
136,29.22,62.58,"2025-12-31 12:26:50"
137,29.24,63.31,"2025-12-31 12:26:52"
138,29.22,63.25,"2025-12-31 12:26:54"
139,29.22,63.13,"2025-12-31 12:26:56"
140,29.21,63.21,"2025-12-31 12:26:58"
141,29.2,62.94,"2025-12-31 12:27:00"
142,29.21,62.66,"2025-12-31 12:27:02"
143,29.21,62.39,"2025-12-31 12:27:05"
144,29.21,62.05,"2025-12-31 12:27:06"
145,29.2,61.82,"2025-12-31 12:27:08"
146,29.2,61.56,"2025-12-31 12:27:10"
147,29.21,61.32,"2025-12-31 12:27:12"
148,29.19,61.08,"2025-12-31 12:27:15"
149,29.19,61.13,"2025-12-31 12:27:17"
150,29.19,61.21,"2025-12-31 12:27:19"
151,29.19,61.18,"2025-12-31 12:27:21"
152,29.15,61.14,"2025-12-31 12:27:23"
153,29.15,61.14,"2025-12-31 12:27:25"
154,29.16,61.07,"2025-12-31 12:27:27"
155,29.16,61.44,"2025-12-31 12:27:29"
156,29.19,62.09,"2025-12-31 12:27:32"
157,29.19,62.7,"2025-12-31 12:27:33"
158,29.2,63.45,"2025-12-31 12:27:36"
159,29.18,63.54,"2025-12-31 12:27:38"
160,29.19,63.34,"2025-12-31 12:27:40"
161,29.16,63.63,"2025-12-31 12:27:42"
162,29.19,63.94,"2025-12-31 12:27:44"
163,29.17,64.06,"2025-12-31 12:27:46"
164,29.18,64.38,"2025-12-31 12:27:48"
165,29.2,64.77,"2025-12-31 12:27:50"
166,29.18,64.83,"2025-12-31 12:27:52"
167,29.19,64.65,"2025-12-31 12:27:54"
168,29.2,64.68,"2025-12-31 12:27:56"
169,29.21,64.89,"2025-12-31 12:27:58"
170,29.21,65.22,"2025-12-31 12:28:01"
171,29.21,65.52,"2025-12-31 12:28:03"
172,29.21,66,"2025-12-31 12:28:05"
173,29.24,66.42,"2025-12-31 12:28:07"
174,29.23,66.83,"2025-12-31 12:28:09"
175,29.25,66.89,"2025-12-31 12:28:11"
176,29.25,66.65,"2025-12-31 12:28:13"
177,29.24,66.34,"2025-12-31 12:28:15"
178,29.26,66.58,"2025-12-31 12:28:18"
179,29.28,66.71,"2025-12-31 12:28:20"
180,29.26,66.46,"2025-12-31 12:28:22"
181,29.23,66,"2025-12-31 12:28:23"
182,29.24,65.97,"2025-12-31 12:28:26"
183,29.26,66.31,"2025-12-31 12:28:28"
184,29.24,66.14,"2025-12-31 12:28:30"
185,29.27,66.26,"2025-12-31 12:28:32"
186,29.25,65.89,"2025-12-31 12:28:34"
187,29.26,65.84,"2025-12-31 12:28:36"
188,29.25,65.51,"2025-12-31 12:28:38"
189,29.25,65,"2025-12-31 12:28:40"
190,29.24,64.35,"2025-12-31 12:28:42"
191,29.22,63.84,"2025-12-31 12:28:44"
192,29.22,63.31,"2025-12-31 12:28:46"
193,29.19,62.91,"2025-12-31 12:28:49"
194,29.19,62.43,"2025-12-31 12:28:51"
195,29.17,62.04,"2025-12-31 12:28:53"
196,29.15,61.81,"2025-12-31 12:28:55"
197,29.16,61.54,"2025-12-31 12:28:57"
198,29.17,61.47,"2025-12-31 12:28:59"
199,29.16,61.33,"2025-12-31 12:29:01"
200,29.16,61.24,"2025-12-31 12:29:03"
201,29.16,61.27,"2025-12-31 12:29:05"
202,29.15,61.53,"2025-12-31 12:29:07"
203,29.18,62.58,"2025-12-31 12:29:09"
204,29.19,63.01,"2025-12-31 12:29:11"
205,29.23,64.39,"2025-12-31 12:29:14"
206,29.21,64.61,"2025-12-31 12:29:16"
207,29.22,64.53,"2025-12-31 12:29:18"
208,29.21,64.34,"2025-12-31 12:29:20"
209,29.19,63.87,"2025-12-31 12:29:22"
210,29.18,63.45,"2025-12-31 12:29:28"
211,29.16,63.04,"2025-12-31 12:29:29"
212,29.18,63.56,"2025-12-31 12:29:30"
213,29.21,64.14,"2025-12-31 12:29:31"
214,29.21,64.86,"2025-12-31 12:29:32"
215,29.25,65.73,"2025-12-31 12:29:34"
216,29.25,66.27,"2025-12-31 12:29:36"
217,29.29,66.78,"2025-12-31 12:29:39"
218,29.3,67.56,"2025-12-31 12:29:41"
219,29.3,67.72,"2025-12-31 12:29:43"
220,29.32,68.03,"2025-12-31 12:29:45"
221,29.34,67.98,"2025-12-31 12:29:47"
222,29.31,67.57,"2025-12-31 12:29:49"
223,29.3,67.54,"2025-12-31 12:29:51"
224,29.31,67.02,"2025-12-31 12:29:53"
225,29.32,67.23,"2025-12-31 12:29:55"
226,29.29,66.73,"2025-12-31 12:29:57"
227,29.3,66.58,"2025-12-31 12:29:59"
228,29.28,65.93,"2025-12-31 12:30:01"
229,29.27,65.1,"2025-12-31 12:30:04"
230,29.23,64.4,"2025-12-31 12:30:06"
231,29.23,63.76,"2025-12-31 12:30:08"
232,29.22,63.26,"2025-12-31 12:30:10"
233,29.2,62.77,"2025-12-31 12:30:12"
234,29.19,62.42,"2025-12-31 12:30:14"
235,29.2,62.11,"2025-12-31 12:30:16"
236,29.2,61.88,"2025-12-31 12:30:18"
237,29.21,61.93,"2025-12-31 12:30:20"
238,29.23,63.23,"2025-12-31 12:30:22"
239,29.24,63.47,"2025-12-31 12:30:24"
240,29.23,63.98,"2025-12-31 12:30:27"
241,29.26,64.84,"2025-12-31 12:30:30"
242,29.29,65.45,"2025-12-31 12:30:31"
243,29.26,65.54,"2025-12-31 12:30:33"
244,29.29,65.77,"2025-12-31 12:30:35"
245,29.27,65.63,"2025-12-31 12:30:37"
246,29.28,65.7,"2025-12-31 12:30:39"
247,29.29,65.89,"2025-12-31 12:30:41"
248,29.28,66.01,"2025-12-31 12:30:43"
249,29.29,65.82,"2025-12-31 12:30:46"
250,29.28,65.78,"2025-12-31 12:30:47"
251,29.29,66.17,"2025-12-31 12:30:50"
252,29.26,65.34,"2025-12-31 12:30:52"
253,29.26,64.47,"2025-12-31 12:30:56"
254,29.27,64.39,"2025-12-31 12:30:57"
255,29.26,64.31,"2025-12-31 12:30:58"
256,29.28,65.4,"2025-12-31 12:31:00"
257,29.27,65.51,"2025-12-31 12:31:02"
258,29.3,65.96,"2025-12-31 12:31:05"
259,29.3,65.74,"2025-12-31 12:31:06"
260,29.27,65.12,"2025-12-31 12:31:08"
261,29.26,65,"2025-12-31 12:31:10"
262,29.25,64.55,"2025-12-31 12:31:13"
263,29.23,64.24,"2025-12-31 12:31:15"
264,29.29,64.47,"2025-12-31 12:31:17"
265,29.27,64.46,"2025-12-31 12:31:19"
266,29.26,64.34,"2025-12-31 12:31:21"
267,29.25,63.89,"2025-12-31 12:31:23"
268,29.25,63.59,"2025-12-31 12:31:25"
269,29.26,63.75,"2025-12-31 12:31:27"
270,29.24,63.41,"2025-12-31 12:31:29"
271,29.24,63,"2025-12-31 12:31:31"
272,29.27,63.8,"2025-12-31 12:31:34"
273,29.27,64.4,"2025-12-31 12:31:36"
274,29.3,64.97,"2025-12-31 12:31:37"
275,29.27,64.91,"2025-12-31 12:31:40"
276,29.3,65.25,"2025-12-31 12:31:42"
277,29.3,65.89,"2025-12-31 12:31:44"
278,29.31,66.29,"2025-12-31 12:31:46"
279,29.34,66.11,"2025-12-31 12:31:48"
280,29.33,66.27,"2025-12-31 12:31:50"
281,29.34,66.11,"2025-12-31 12:31:52"
282,29.31,65.65,"2025-12-31 12:31:54"
283,29.29,64.99,"2025-12-31 12:31:56"
284,29.28,64.88,"2025-12-31 12:31:58"
285,29.28,64.84,"2025-12-31 12:32:00"
286,29.3,64.67,"2025-12-31 12:32:03"
287,29.27,64.28,"2025-12-31 12:32:05"
288,29.27,63.95,"2025-12-31 12:32:07"
289,29.27,63.69,"2025-12-31 12:32:09"
290,29.3,63.83,"2025-12-31 12:32:11"
291,29.28,63.91,"2025-12-31 12:32:13"
292,29.29,63.85,"2025-12-31 12:32:15"
293,29.28,63.68,"2025-12-31 12:32:17"
294,29.27,63.55,"2025-12-31 12:32:20"
295,29.27,63.22,"2025-12-31 12:32:21"
296,29.28,63.22,"2025-12-31 12:32:23"
297,29.28,63.49,"2025-12-31 12:32:26"
298,29.3,63.79,"2025-12-31 12:32:28"
299,29.31,64.16,"2025-12-31 12:32:30"
300,29.3,64.07,"2025-12-31 12:32:32"
301,29.28,63.9,"2025-12-31 12:32:34"
302,29.31,64.04,"2025-12-31 12:32:36"
303,29.3,64.36,"2025-12-31 12:32:38"
304,29.3,64.66,"2025-12-31 12:32:40"
305,29.31,64.32,"2025-12-31 12:32:42"
306,29.23,60.33,"2025-12-31 12:36:18"
307,29.22,60.05,"2025-12-31 12:36:28"
308,29.24,60.53,"2025-12-31 12:36:38"
309,29.23,61.93,"2025-12-31 12:36:48"
310,29.23,62.28,"2025-12-31 12:36:58"
311,29.27,64.25,"2025-12-31 12:37:08"
312,29.26,62.51,"2025-12-31 12:37:18"
313,29.24,61.59,"2025-12-31 12:37:28"
314,29.24,61.96,"2025-12-31 12:37:38"
315,29.3,63.63,"2025-12-31 12:37:48"
316,29.24,61.36,"2025-12-31 12:38:16"
317,29.2,60.25,"2025-12-31 12:38:26"
318,29.2,60.02,"2025-12-31 12:38:36"
319,29.17,59.76,"2025-12-31 12:38:46"
320,29.13,59.53,"2025-12-31 12:38:56"
321,29.14,59.59,"2025-12-31 12:39:07"
322,29.08,59.54,"2025-12-31 12:39:17"
323,29.11,59.7,"2025-12-31 12:39:27"
324,29.12,59.86,"2025-12-31 12:39:37"
325,29.09,59.76,"2025-12-31 12:39:47"
326,29.1,59.8,"2025-12-31 12:39:58"
327,29.12,60.65,"2025-12-31 12:40:07"
328,29.11,60.14,"2025-12-31 12:40:17"
329,29.1,59.76,"2025-12-31 12:40:27"
330,29.1,59.57,"2025-12-31 12:40:37"
331,29.11,59.95,"2025-12-31 12:40:47"
332,29.09,59.79,"2025-12-31 12:40:58"
333,29.09,59.64,"2025-12-31 12:41:08"
334,29.1,59.63,"2025-12-31 12:41:18"
335,29.15,61.04,"2025-12-31 12:41:28"
336,29.13,61.98,"2025-12-31 12:41:38"
337,29.13,61.19,"2025-12-31 12:41:48"
338,29.11,60.29,"2025-12-31 12:41:58"
339,29.13,60.27,"2025-12-31 12:42:08"
340,29.15,60.06,"2025-12-31 12:42:20"
341,29.14,60.3,"2025-12-31 12:42:29"
342,29.16,61.17,"2025-12-31 12:42:38"
343,29.15,60.31,"2025-12-31 12:42:49"
344,29.12,59.85,"2025-12-31 12:42:59"
345,29.11,59.89,"2025-12-31 12:43:09"
346,29.16,62.02,"2025-12-31 12:43:20"
347,29.2,62.43,"2025-12-31 12:43:29"
348,29.19,60.68,"2025-12-31 12:43:39"
349,29.19,59.86,"2025-12-31 12:43:49"
350,29.2,59.99,"2025-12-31 12:43:59"
351,29.21,59.69,"2025-12-31 12:44:09"
352,29.18,59.36,"2025-12-31 12:44:20"
353,29.18,59.11,"2025-12-31 12:44:29"
354,29.17,59.8,"2025-12-31 12:44:39"
355,29.19,59.43,"2025-12-31 12:44:50"
356,29.16,59.43,"2025-12-31 12:45:00"
357,29.15,59.18,"2025-12-31 12:45:10"
358,29.13,58.99,"2025-12-31 12:45:20"
359,29.1,58.78,"2025-12-31 12:45:30"
360,29.09,58.95,"2025-12-31 12:45:40"
361,29.09,59.02,"2025-12-31 12:45:50"
362,29.08,59.01,"2025-12-31 12:46:00"
363,29.07,58.99,"2025-12-31 12:46:10"
364,29.05,59.1,"2025-12-31 12:46:20"
365,29.04,59.12,"2025-12-31 12:46:31"
366,28.84,57.69,"2025-12-31 12:51:53"
367,28.83,57.72,"2025-12-31 12:52:03"
368,28.83,57.77,"2025-12-31 12:52:13"
369,28.83,57.73,"2025-12-31 12:52:23"
370,28.81,57.75,"2025-12-31 12:52:33"
371,28.8,57.7,"2025-12-31 12:52:44"
372,28.8,57.67,"2025-12-31 12:52:54"
373,28.78,57.64,"2025-12-31 12:53:04"
374,28.79,57.67,"2025-12-31 12:53:14"
375,28.79,57.69,"2025-12-31 12:53:24"
376,28.79,57.71,"2025-12-31 12:53:34"
377,28.79,57.72,"2025-12-31 12:53:44"
378,28.79,57.7,"2025-12-31 12:53:54"
379,28.77,57.64,"2025-12-31 12:54:04"
380,28.77,57.65,"2025-12-31 12:54:14"
381,28.76,57.59,"2025-12-31 12:54:24"
382,28.68,57.91,"2025-12-31 12:57:36"
383,28.68,57.9,"2025-12-31 12:57:46"
384,28.69,57.89,"2025-12-31 12:57:56"
385,28.67,57.86,"2025-12-31 12:58:06"
386,28.64,57.82,"2025-12-31 12:58:16"
387,28.64,57.76,"2025-12-31 12:58:26"
388,28.64,57.85,"2025-12-31 12:58:57"
389,28.63,57.8,"2025-12-31 12:59:07"
390,28.63,57.81,"2025-12-31 12:59:17"
391,28.62,57.82,"2025-12-31 12:59:27"
392,28.59,57.77,"2025-12-31 12:59:37"
393,28.6,57.82,"2025-12-31 12:59:47"
394,28.6,57.88,"2025-12-31 12:59:57"
395,28.6,57.9,"2025-12-31 13:00:07"
396,28.59,57.92,"2025-12-31 13:00:18"
397,28.59,57.92,"2025-12-31 13:00:27"
398,28.58,57.97,"2025-12-31 13:00:38"
399,28.58,57.97,"2025-12-31 13:00:48"
400,28.57,57.9,"2025-12-31 13:00:58"
401,28.58,57.93,"2025-12-31 13:01:08"
402,28.56,57.89,"2025-12-31 13:01:18"
403,28.56,57.92,"2025-12-31 13:01:28"
404,28.57,57.84,"2025-12-31 13:01:38"
405,28.56,57.88,"2025-12-31 13:01:48"
406,28.55,57.88,"2025-12-31 13:01:58"
407,28.54,57.93,"2025-12-31 13:02:08"
408,28.56,57.95,"2025-12-31 13:02:18"
409,28.51,58,"2025-12-31 13:02:28"
410,28.53,57.95,"2025-12-31 13:02:39"
411,28.5,58.07,"2025-12-31 13:02:49"
412,28.53,58.08,"2025-12-31 13:02:59"
413,28.53,58.1,"2025-12-31 13:03:09"
414,28.52,58.08,"2025-12-31 13:03:19"
415,28.49,58.01,"2025-12-31 13:03:29"
416,28.52,58.2,"2025-12-31 13:03:39"
417,28.55,59.54,"2025-12-31 13:03:49"
418,28.56,60.16,"2025-12-31 13:03:59"
419,28.6,61.65,"2025-12-31 13:04:09"
420,28.59,60.32,"2025-12-31 13:04:20"
421,28.58,59.2,"2025-12-31 13:04:30"
422,28.57,58.74,"2025-12-31 13:04:40"
423,28.59,58.56,"2025-12-31 13:04:50"
424,28.66,61.53,"2025-12-31 13:05:00"
425,28.66,60.47,"2025-12-31 13:05:10"
426,28.69,59.41,"2025-12-31 13:05:20"
427,28.69,58.8,"2025-12-31 13:05:30"
428,28.7,58.91,"2025-12-31 13:05:40"
429,28.67,58.69,"2025-12-31 13:05:50"
430,28.65,58.53,"2025-12-31 13:06:00"
431,28.69,60.68,"2025-12-31 13:06:10"
432,28.68,59.97,"2025-12-31 13:06:20"
433,28.65,58.98,"2025-12-31 13:06:31"
434,28.63,58.94,"2025-12-31 13:06:41"
435,28.65,59.46,"2025-12-31 13:06:51"
436,28.65,59.19,"2025-12-31 13:07:01"
437,28.67,60.24,"2025-12-31 13:07:11"
438,28.64,59.21,"2025-12-31 13:07:21"
439,28.65,59.63,"2025-12-31 13:07:31"
440,28.98,58.82,"2025-12-31 13:26:25"
441,28.95,58.19,"2025-12-31 13:26:34"
442,28.95,57.79,"2025-12-31 13:26:44"
443,28.94,57.92,"2025-12-31 13:26:54"
444,28.92,57.84,"2025-12-31 13:27:04"
445,28.91,57.68,"2025-12-31 13:27:14"
446,28.91,57.55,"2025-12-31 13:27:25"
447,28.9,57.52,"2025-12-31 13:27:34"
448,28.91,57.77,"2025-12-31 13:27:45"
449,28.88,57.67,"2025-12-31 13:27:55"
450,28.9,57.66,"2025-12-31 13:28:05"
451,28.87,57.62,"2025-12-31 13:28:15"
452,28.89,57.91,"2025-12-31 13:28:25"
453,28.89,57.97,"2025-12-31 13:28:35"
454,28.9,58.06,"2025-12-31 13:28:48"
455,28.91,57.9,"2025-12-31 13:28:55"
456,28.9,57.83,"2025-12-31 13:29:06"
457,28.92,57.8,"2025-12-31 13:29:16"
458,28.9,57.78,"2025-12-31 13:29:26"
459,28.9,57.77,"2025-12-31 13:29:36"
460,28.92,57.79,"2025-12-31 13:29:46"
461,28.92,57.78,"2025-12-31 13:29:56"
462,28.92,57.76,"2025-12-31 13:30:06"
463,28.9,57.82,"2025-12-31 13:30:16"
464,28.9,57.81,"2025-12-31 13:30:26"
465,30.49,55.32,"2025-12-31 14:56:53"
466,30.26,55.6,"2025-12-31 14:57:04"
467,30.06,55.24,"2025-12-31 14:57:13"
468,30.12,56.22,"2025-12-31 14:57:24"
469,30.31,55.65,"2025-12-31 14:57:44"
470,30.3,56.41,"2025-12-31 14:57:54"
471,30.89,53.43,"2025-12-31 15:27:17"
472,30.85,53.64,"2025-12-31 15:27:22"
473,30.81,53.63,"2025-12-31 15:27:27"
474,30.75,53.72,"2025-12-31 15:27:33"
475,30.75,55.79,"2025-12-31 15:27:38"
476,30.68,55.11,"2025-12-31 15:27:43"
477,30.68,54.45,"2025-12-31 15:27:48"
478,30.72,54.04,"2025-12-31 15:27:53"
479,30.82,91.78,"2025-12-31 15:30:22"
480,30.86,91.82,"2025-12-31 15:30:27"
481,30.83,91.18,"2025-12-31 15:30:48"
482,30.83,91.12,"2025-12-31 15:30:53"
483,30.76,91.7,"2025-12-31 15:30:58"
484,30.61,91.72,"2025-12-31 15:31:03"
485,30.5,91.75,"2025-12-31 15:31:08"
486,30.39,91.87,"2025-12-31 15:31:14"
487,30.43,91.86,"2025-12-31 15:31:19"
488,30.47,91.88,"2025-12-31 15:31:24"
489,30.49,91.83,"2025-12-31 15:31:37"
490,30.57,91.82,"2025-12-31 15:31:37"
491,30.57,92.16,"2025-12-31 15:31:39"
492,30.62,92.19,"2025-12-31 15:31:44"
493,30.66,91.98,"2025-12-31 15:31:49"
494,30.69,92.73,"2025-12-31 15:31:55"
495,30.7,93.06,"2025-12-31 15:32:00"
496,30.68,93.84,"2025-12-31 15:32:05"
497,30.69,94.27,"2025-12-31 15:32:10"
498,30.68,94.51,"2025-12-31 15:32:15"
499,30.72,92.37,"2025-12-31 15:32:31"
500,30.71,93.43,"2025-12-31 15:32:36"
501,30.7,93.08,"2025-12-31 15:32:42"
502,30.61,92.76,"2025-12-31 15:32:47"
503,30.49,92.56,"2025-12-31 15:32:52"
504,30.51,92.35,"2025-12-31 15:32:57"
505,30.56,92.09,"2025-12-31 15:33:02"
506,30.59,92.06,"2025-12-31 15:33:07"
507,30.61,91.87,"2025-12-31 15:33:12"
508,30.65,91.7,"2025-12-31 15:33:18"
509,30.67,92.67,"2025-12-31 15:33:22"
510,30.69,92.86,"2025-12-31 15:33:28"
511,30.71,92.46,"2025-12-31 15:33:33"
512,30.72,92.11,"2025-12-31 15:33:38"
513,30.72,91.85,"2025-12-31 15:33:43"
514,30.77,91.68,"2025-12-31 15:33:49"
515,30.79,91.46,"2025-12-31 15:33:53"
516,30.79,91.4,"2025-12-31 15:33:59"
517,30.79,91.22,"2025-12-31 15:34:04"
518,30.78,90.95,"2025-12-31 15:34:09"
519,30.81,91.01,"2025-12-31 15:34:14"
520,30.85,91.01,"2025-12-31 15:34:19"
521,30.85,91.04,"2025-12-31 15:34:24"
522,30.84,91.06,"2025-12-31 15:34:30"
523,30.81,92.32,"2025-12-31 15:34:35"
524,30.85,93.12,"2025-12-31 15:34:40"
525,30.9,93.11,"2025-12-31 15:34:44"
526,30.87,92.46,"2025-12-31 15:34:50"
527,30.79,92.28,"2025-12-31 15:34:55"
528,30.79,92.06,"2025-12-31 15:35:00"
529,30.76,91.63,"2025-12-31 15:35:05"
530,30.77,91.25,"2025-12-31 15:35:10"
531,30.64,91.23,"2025-12-31 15:35:15"
532,30.54,91.37,"2025-12-31 15:35:20"
533,30.43,91.37,"2025-12-31 15:35:25"
534,30.36,91.68,"2025-12-31 15:35:31"
535,30.44,92.05,"2025-12-31 15:35:36"
536,30.5,91.74,"2025-12-31 15:35:41"
537,30.51,91.53,"2025-12-31 15:35:46"
538,30.5,91.58,"2025-12-31 15:35:51"
539,30.42,91.44,"2025-12-31 15:35:56"
540,30.37,91.41,"2025-12-31 15:36:01"
541,30.29,91.59,"2025-12-31 15:36:06"
542,30.23,91.83,"2025-12-31 15:36:12"
543,30.21,92.03,"2025-12-31 15:36:17"
544,30.28,91.9,"2025-12-31 15:36:22"
545,30.36,92.46,"2025-12-31 15:36:27"
546,30.43,93.28,"2025-12-31 15:36:32"
547,30.48,92.99,"2025-12-31 15:36:37"
548,30.5,92.38,"2025-12-31 15:36:42"
549,30.51,92.1,"2025-12-31 15:36:47"
550,30.58,91.77,"2025-12-31 15:36:53"
551,30.57,91.47,"2025-12-31 15:36:58"
552,30.62,91.36,"2025-12-31 15:37:03"
553,30.66,91.17,"2025-12-31 15:37:08"
554,30.68,90.95,"2025-12-31 15:37:13"
555,30.87,91.51,"2025-12-31 15:37:18"
556,30.84,91.12,"2025-12-31 15:37:23"
557,30.85,90.85,"2025-12-31 15:37:28"
558,30.87,91.49,"2025-12-31 15:37:33"
559,30.83,92.51,"2025-12-31 15:37:38"
560,30.81,92.26,"2025-12-31 15:37:44"
561,30.8,91.83,"2025-12-31 15:37:49"
562,30.81,91.42,"2025-12-31 15:37:54"
563,30.8,91.13,"2025-12-31 15:37:59"
564,30.8,91.05,"2025-12-31 15:38:05"
565,30.81,90.92,"2025-12-31 15:38:09"
566,30.81,90.94,"2025-12-31 15:38:14"
567,30.79,90.91,"2025-12-31 15:38:19"
568,30.79,91.35,"2025-12-31 15:38:25"
569,30.82,93.33,"2025-12-31 15:38:30"
570,30.71,93.05,"2025-12-31 15:38:35"
571,30.68,92.65,"2025-12-31 15:38:40"
572,30.68,92.23,"2025-12-31 15:38:45"
573,30.67,91.67,"2025-12-31 15:38:50"
574,30.71,91.56,"2025-12-31 15:38:55"
575,30.71,91.99,"2025-12-31 15:39:00"
576,30.71,91.57,"2025-12-31 15:39:06"
577,30.74,92.33,"2025-12-31 15:39:11"
578,30.76,92.33,"2025-12-31 15:39:16"
579,30.78,91.92,"2025-12-31 15:39:21"
580,30.8,91.41,"2025-12-31 15:39:26"
581,30.79,91.15,"2025-12-31 15:39:31"
582,30.83,90.78,"2025-12-31 15:39:36"
583,30.8,90.59,"2025-12-31 15:39:42"
584,30.85,90.53,"2025-12-31 15:39:46"
585,30.84,90.87,"2025-12-31 15:39:52"
586,30.88,90.75,"2025-12-31 15:39:57"
587,30.85,90.71,"2025-12-31 15:40:02"
588,30.84,90.76,"2025-12-31 15:40:07"
589,30.84,90.63,"2025-12-31 15:40:12"
590,30.83,90.45,"2025-12-31 15:40:17"
591,30.84,90.39,"2025-12-31 15:40:22"
592,30.87,90.53,"2025-12-31 15:40:27"
593,30.87,90.41,"2025-12-31 15:40:33"
594,30.97,90.36,"2025-12-31 15:40:46"
595,30.98,90.18,"2025-12-31 15:40:51"
596,30.95,90.13,"2025-12-31 15:40:56"
597,30.97,89.92,"2025-12-31 15:41:18"
598,30.98,89.97,"2025-12-31 15:41:23"
599,31,89.95,"2025-12-31 15:41:28"
600,30.94,90.43,"2025-12-31 15:41:33"
601,31.65,93.77,"2025-12-31 15:41:38"
602,31.34,93.27,"2025-12-31 15:41:43"
603,31.24,91.77,"2025-12-31 15:41:49"
604,31.17,91.53,"2025-12-31 15:41:54"
605,32.06,73.87,"2025-12-31 15:42:05"
606,31.97,67.04,"2025-12-31 15:42:10"
607,31.67,61.88,"2025-12-31 15:42:15"
608,31.39,58.56,"2025-12-31 15:42:20"
609,31.08,57.44,"2025-12-31 15:42:26"
610,30.92,58.08,"2025-12-31 15:42:30"
611,30.76,58.36,"2025-12-31 15:42:36"
612,30.62,58.52,"2025-12-31 15:42:41"
613,30.54,59.26,"2025-12-31 15:42:46"
614,30.46,59.23,"2025-12-31 15:42:51"
615,30.38,59.21,"2025-12-31 15:42:56"
616,30.34,59.51,"2025-12-31 15:43:01"
617,30.61,59.6,"2025-12-31 15:43:14"
618,30.76,60.2,"2025-12-31 15:43:20"
619,30.86,59.68,"2025-12-31 15:43:24"
620,30.86,58.45,"2025-12-31 15:43:29"
621,30.86,57.43,"2025-12-31 15:43:41"
622,30.89,58.5,"2025-12-31 15:43:53"
623,30.9,57.71,"2025-12-31 15:43:58"
624,30.91,57.34,"2025-12-31 15:44:03"
625,30.89,57.38,"2025-12-31 15:44:08"
626,30.91,57.21,"2025-12-31 15:44:13"
627,30.89,56.98,"2025-12-31 15:44:18"
628,30.89,57.22,"2025-12-31 15:44:24"
629,30.9,57.34,"2025-12-31 15:45:01"
630,30.98,56.72,"2025-12-31 15:45:36"
631,30.93,56.57,"2025-12-31 15:45:42"
632,30.96,56.57,"2025-12-31 15:45:46"
633,30.95,56.57,"2025-12-31 15:45:51"
634,30.95,56.81,"2025-12-31 15:46:00"
635,30.91,56.76,"2025-12-31 15:46:01"
636,30.9,56.63,"2025-12-31 15:46:07"
637,30.89,56.59,"2025-12-31 15:46:11"
638,30.86,56.52,"2025-12-31 15:46:17"
639,30.85,56.72,"2025-12-31 15:46:22"
640,30.92,56.8,"2025-12-31 15:46:27"
641,30.9,56.79,"2025-12-31 15:46:32"
642,30.9,56.67,"2025-12-31 15:46:37"
643,30.92,56.54,"2025-12-31 15:46:42"
644,30.98,56.42,"2025-12-31 15:46:47"
645,31.01,56.45,"2025-12-31 15:46:55"
646,31.02,56.37,"2025-12-31 15:47:00"
647,31.06,56.25,"2025-12-31 15:47:05"
648,31.06,56.09,"2025-12-31 15:47:10"
649,31.08,56.56,"2025-12-31 15:47:15"
650,31.09,57.54,"2025-12-31 15:47:20"
651,31.11,58.56,"2025-12-31 15:47:25"
652,31.08,57.62,"2025-12-31 15:47:30"
653,31.06,58.69,"2025-12-31 15:47:35"
654,31.03,57.62,"2025-12-31 15:47:40"
655,31.05,56.95,"2025-12-31 15:47:45"
656,31.03,56.7,"2025-12-31 15:47:51"
657,31.06,56.46,"2025-12-31 15:47:56"
658,31.06,56.42,"2025-12-31 15:48:01"
659,31.05,56.49,"2025-12-31 15:48:06"
660,31.03,56.35,"2025-12-31 15:48:11"
661,31.02,56.32,"2025-12-31 15:48:16"
662,31.08,57.54,"2025-12-31 15:48:21"
663,31.08,59.49,"2025-12-31 15:48:29"
664,31.07,59.15,"2025-12-31 15:48:31"
665,31.09,57.89,"2025-12-31 15:48:37"
666,31.08,58.84,"2025-12-31 15:48:42"
667,31.08,58.56,"2025-12-31 15:48:47"
668,31.08,57.49,"2025-12-31 15:48:52"
669,31.12,57.58,"2025-12-31 15:48:57"
670,31.1,57.43,"2025-12-31 15:49:02"
671,31.08,57.92,"2025-12-31 15:49:07"
672,31.11,57.6,"2025-12-31 15:49:12"
673,31.14,58.6,"2025-12-31 15:49:17"
674,31.14,58.81,"2025-12-31 15:49:23"
675,31.11,58.76,"2025-12-31 15:49:28"
676,31.12,59.88,"2025-12-31 15:49:33"
677,31.12,59.02,"2025-12-31 15:49:38"
678,31.08,57.56,"2025-12-31 15:49:43"
679,31.07,56.94,"2025-12-31 15:49:48"
680,30.96,56.31,"2025-12-31 15:50:30"
681,30.98,56.43,"2025-12-31 15:50:35"
682,30.98,56.49,"2025-12-31 15:50:41"
683,30.97,56.38,"2025-12-31 15:50:46"
684,30.98,56.27,"2025-12-31 15:50:51"
685,31,56.22,"2025-12-31 15:50:56"
686,31.01,56.19,"2025-12-31 15:51:01"
687,31,56.12,"2025-12-31 15:51:06"
688,30.99,56.07,"2025-12-31 15:51:11"
689,30.98,56.08,"2025-12-31 15:51:16"
690,31,55.97,"2025-12-31 15:51:21"
691,30.99,56.27,"2025-12-31 15:51:27"
692,31,59.69,"2025-12-31 15:51:32"
693,31,58.8,"2025-12-31 15:51:37"
694,31.06,57.62,"2025-12-31 15:51:42"
695,31.07,57.06,"2025-12-31 15:51:47"
696,31.1,56.57,"2025-12-31 15:51:52"
697,31.14,56.63,"2025-12-31 15:51:57"
698,31.17,56.65,"2025-12-31 15:52:02"
699,31.18,56.35,"2025-12-31 15:52:07"
700,31.19,56.19,"2025-12-31 15:52:13"
701,31.18,56.08,"2025-12-31 15:52:18"
702,31.17,55.83,"2025-12-31 15:52:23"
703,31.12,55.73,"2025-12-31 15:52:28"
704,31.13,55.82,"2025-12-31 15:52:33"
705,31.11,55.84,"2025-12-31 15:52:38"
706,31.13,55.86,"2025-12-31 15:52:43"
707,31.15,55.91,"2025-12-31 15:52:48"
708,31.16,56.64,"2025-12-31 15:52:53"
709,31.15,58.07,"2025-12-31 15:52:59"
710,31.14,59.94,"2025-12-31 15:53:04"
711,31.17,59.62,"2025-12-31 15:53:09"
712,31.2,58.49,"2025-12-31 15:53:14"
713,31.18,57.54,"2025-12-31 15:53:19"
714,31.14,56.76,"2025-12-31 15:53:25"
715,31.15,57.17,"2025-12-31 15:53:29"
716,31.2,56.86,"2025-12-31 15:53:34"
717,31.15,56.74,"2025-12-31 15:53:39"
718,31.13,55.78,"2025-12-31 15:54:16"
719,31.12,55.81,"2025-12-31 15:54:22"
720,31.11,55.8,"2025-12-31 15:54:27"
721,31.09,55.87,"2025-12-31 15:54:32"
722,31.09,55.85,"2025-12-31 15:54:37"
723,31.1,55.9,"2025-12-31 15:54:42"
724,31.08,56.01,"2025-12-31 15:54:51"
725,31.08,56.77,"2025-12-31 15:54:56"
726,31.07,56.69,"2025-12-31 15:55:01"
727,31.1,56.33,"2025-12-31 15:55:06"
728,31.1,56.13,"2025-12-31 15:55:11"
729,31.1,55.97,"2025-12-31 15:55:16"
730,31.11,55.91,"2025-12-31 15:55:21"
731,31.1,56.01,"2025-12-31 15:55:27"
732,31.08,55.91,"2025-12-31 15:55:32"
733,31.13,56.83,"2025-12-31 15:55:37"
734,31.14,56.78,"2025-12-31 15:55:42"
735,31.12,56.53,"2025-12-31 15:55:47"
736,31.13,56.08,"2025-12-31 15:55:52"
737,31.13,56,"2025-12-31 15:55:57"
738,31.08,55.9,"2025-12-31 15:56:02"
739,31.09,55.82,"2025-12-31 15:56:07"
740,31.06,55.78,"2025-12-31 15:56:12"
741,29.49,59.84,"2025-12-31 16:05:09"
742,29.45,59.82,"2025-12-31 16:05:14"
743,29.45,59.86,"2025-12-31 16:05:19"
744,29.46,59.89,"2025-12-31 16:05:24"
745,29.51,60.03,"2025-12-31 16:05:29"
746,32.02,64.59,"2025-12-31 16:05:34"
747,32.56,65.42,"2025-12-31 16:05:39"
748,32.61,63.68,"2025-12-31 16:05:44"
749,31.55,57.78,"2025-12-31 16:05:49"
750,30.98,56.54,"2025-12-31 16:05:54"
751,30.58,56.72,"2025-12-31 16:05:59"
752,30.31,57.14,"2025-12-31 16:06:05"
753,30.13,57.63,"2025-12-31 16:06:10"
754,29.99,58.11,"2025-12-31 16:06:15"
755,29.92,58.44,"2025-12-31 16:06:20"
756,29.83,58.74,"2025-12-31 16:06:25"
757,29.72,58.99,"2025-12-31 16:06:36"
758,31.14,59.39,"2025-12-31 16:06:41"
759,32.09,60.09,"2025-12-31 16:06:46"
760,31.05,57.33,"2025-12-31 16:06:51"
761,28.64,67.03,"2026-01-02 13:57:42"
762,28.64,66.9,"2026-01-02 13:57:47"
763,28.62,66.75,"2026-01-02 13:57:52"
764,28.58,66.4,"2026-01-02 13:57:58"
765,28.59,66.61,"2026-01-02 13:58:03"
766,28.57,66.53,"2026-01-02 13:58:08"
767,28.56,67.14,"2026-01-02 13:58:13"
768,28.59,67.66,"2026-01-02 13:58:18"
769,28.58,67.41,"2026-01-02 13:58:23"
770,28.56,66.93,"2026-01-02 13:58:28"
771,28.5,66.65,"2026-01-02 13:58:33"
772,28.48,66.64,"2026-01-02 13:58:39"
773,28.5,66.84,"2026-01-02 13:58:44"
774,28.52,66.92,"2026-01-02 13:58:49"
775,28.57,66.76,"2026-01-02 13:58:54"
776,29.31,75.21,"2026-01-02 13:58:59"
777,32.75,89.78,"2026-01-02 13:59:04"
778,33.74,89.93,"2026-01-02 13:59:09"
779,33.99,91.37,"2026-01-02 13:59:14"
780,33.95,91.1,"2026-01-02 13:59:19"
781,33.05,82.8,"2026-01-02 13:59:24"
782,33.05,80.75,"2026-01-02 13:59:30"
783,33.72,85.86,"2026-01-02 13:59:35"
784,34.16,89.99,"2026-01-02 13:59:40"
785,34.22,91.18,"2026-01-02 13:59:45"
786,34.71,93.1,"2026-01-02 13:59:50"
787,34.55,93.36,"2026-01-02 13:59:56"
788,34.46,93.22,"2026-01-02 14:00:00"
789,34.41,93.03,"2026-01-02 14:00:05"
790,34.35,92.76,"2026-01-02 14:00:11"
791,34.29,92.94,"2026-01-02 14:00:15"
792,33.49,83.45,"2026-01-02 14:00:21"
793,33.01,74.64,"2026-01-02 14:00:26"
794,32.66,70.92,"2026-01-02 14:00:31"
795,33.06,75.92,"2026-01-02 14:00:37"
796,32.48,72.02,"2026-01-02 14:00:44"
797,32.14,68.61,"2026-01-02 14:00:46"
798,31.98,67.8,"2026-01-02 14:00:51"
799,31.83,68.1,"2026-01-02 14:00:56"
800,31.69,67.98,"2026-01-02 14:01:02"
801,31.55,69.05,"2026-01-02 14:01:08"
802,31.48,69.64,"2026-01-02 14:01:12"
803,31.39,68.07,"2026-01-02 14:01:17"
804,31.23,66.54,"2026-01-02 14:01:22"
805,31.19,66.1,"2026-01-02 14:01:27"
806,31.09,66.08,"2026-01-02 14:01:32"
807,31.06,67.82,"2026-01-02 14:01:37"
808,30.97,66.68,"2026-01-02 14:01:42"
809,30.92,66.8,"2026-01-02 14:01:47"
810,30.86,65.47,"2026-01-02 14:01:53"
811,30.8,64.64,"2026-01-02 14:01:58"
812,30.8,65.01,"2026-01-02 14:02:03"
813,30.77,64.57,"2026-01-02 14:02:08"
814,30.74,64.91,"2026-01-02 14:02:13"
815,30.76,66.01,"2026-01-02 14:02:18"
816,30.74,65.63,"2026-01-02 14:02:23"
817,30.72,64.64,"2026-01-02 14:02:28"
818,30.68,64.16,"2026-01-02 14:02:33"
819,30.71,64.78,"2026-01-02 14:02:39"
820,30.68,64.28,"2026-01-02 14:02:44"
821,30.64,64.69,"2026-01-02 14:02:55"
822,30.63,63.86,"2026-01-02 14:03:09"
823,30.63,63.98,"2026-01-02 14:03:10"
824,30.61,63.44,"2026-01-02 14:03:11"
825,30.59,63.36,"2026-01-02 14:03:12"
826,30.6,62.9,"2026-01-02 14:03:14"
827,30.58,62.72,"2026-01-02 14:03:21"
828,30.58,62.53,"2026-01-02 14:03:24"
829,30.61,62.97,"2026-01-02 14:03:30"
830,30.57,62.58,"2026-01-02 14:03:35"
831,30.58,62.76,"2026-01-02 14:03:40"
832,30.59,62.57,"2026-01-02 14:03:45"
833,30.59,62.26,"2026-01-02 14:03:50"
834,30.6,62.2,"2026-01-02 14:03:55"
835,31.17,59.41,"2026-01-02 14:13:53"
836,31.12,59.4,"2026-01-02 14:13:58"
837,31.13,59.34,"2026-01-02 14:14:03"
838,31.11,59.39,"2026-01-02 14:14:08"
839,31.13,59.31,"2026-01-02 14:14:13"
840,31.15,59.32,"2026-01-02 14:14:18"
841,31.15,59.32,"2026-01-02 14:14:23"
842,31.17,59.31,"2026-01-02 14:14:28"
843,31.17,59.26,"2026-01-02 14:14:33"
844,31.2,59.26,"2026-01-02 14:14:38"
845,31.19,59.23,"2026-01-02 14:14:44"
846,31.19,59.21,"2026-01-02 14:14:49"
847,31.21,59.18,"2026-01-02 14:14:54"
848,31.21,59.14,"2026-01-02 14:14:59"
849,31.21,59.14,"2026-01-02 14:15:04"
850,31.18,59.21,"2026-01-02 14:15:09"
851,31.2,59.32,"2026-01-02 14:15:14"
852,31.19,59.28,"2026-01-02 14:15:19"
853,31.18,59.34,"2026-01-02 14:15:25"
854,31.19,59.29,"2026-01-02 14:15:30"
855,31.18,59.32,"2026-01-02 14:15:35"
856,31.17,59.23,"2026-01-02 14:15:40"
857,31.2,59.27,"2026-01-02 14:15:45"
858,31.2,59.26,"2026-01-02 14:15:50"
859,31.2,59.21,"2026-01-02 14:15:55"
860,31.2,59.21,"2026-01-02 14:16:00"
861,31.21,59.22,"2026-01-02 14:16:05"
862,31.21,59.18,"2026-01-02 14:16:10"
863,31.2,59.24,"2026-01-02 14:16:15"
864,31.19,59.35,"2026-01-02 14:16:21"
865,31.2,59.37,"2026-01-02 14:16:26"
866,31.2,59.34,"2026-01-02 14:16:31"
867,31.22,59.32,"2026-01-02 14:16:36"
868,31.18,59.27,"2026-01-02 14:16:41"
869,31.23,59.19,"2026-01-02 14:16:46"
870,31.21,59.22,"2026-01-02 14:16:51"
871,31.21,59.27,"2026-01-02 14:16:56"
872,31.27,60.91,"2026-01-02 14:17:01"
873,31.33,60.83,"2026-01-02 14:17:07"
874,31.32,60.31,"2026-01-02 14:17:12"
875,31.3,59.84,"2026-01-02 14:17:17"
876,31.32,59.56,"2026-01-02 14:17:22"
877,31.31,59.37,"2026-01-02 14:17:27"
878,31.23,59.31,"2026-01-02 14:17:32"
879,31.19,59.37,"2026-01-02 14:17:37"
880,31.16,59.38,"2026-01-02 14:17:42"
881,31.12,59.43,"2026-01-02 14:17:48"
882,31.09,59.49,"2026-01-02 14:17:53"
883,30.77,60.57,"2026-01-02 14:19:49"
884,30.63,60.57,"2026-01-02 14:19:55"
885,30.17,61.2,"2026-01-02 14:20:00"
886,29.86,61.92,"2026-01-02 14:20:05"
887,29.64,62.61,"2026-01-02 14:20:10"
888,29.48,63.19,"2026-01-02 14:20:15"
889,29.38,63.68,"2026-01-02 14:20:20"
890,29.33,64.05,"2026-01-02 14:20:25"
891,29.26,64.3,"2026-01-02 14:20:30"
892,29.21,64.54,"2026-01-02 14:20:35"
893,29.16,64.68,"2026-01-02 14:20:40"
894,29.14,64.86,"2026-01-02 14:20:45"
895,29.07,64.98,"2026-01-02 14:20:51"
896,29.06,65.16,"2026-01-02 14:20:56"
897,29,65.23,"2026-01-02 14:21:01"
898,28.96,65.38,"2026-01-02 14:21:06"
899,28.93,65.49,"2026-01-02 14:21:11"
900,28.85,65.61,"2026-01-02 14:21:16"
901,28.82,65.72,"2026-01-02 14:21:21"
902,28.82,65.82,"2026-01-02 14:21:27"
903,28.75,65.93,"2026-01-02 14:21:32"
904,28.73,65.98,"2026-01-02 14:21:37"
905,28.72,66.09,"2026-01-02 14:21:42"
906,28.71,66.23,"2026-01-02 14:21:47"
907,28.68,66.27,"2026-01-02 14:21:52"
908,28.63,66.35,"2026-01-02 14:21:57"
909,28.65,66.43,"2026-01-02 14:22:02"
910,28.61,66.48,"2026-01-02 14:22:07"
911,28.62,66.55,"2026-01-02 14:22:12"
912,28.58,66.61,"2026-01-02 14:22:17"
913,28.57,66.7,"2026-01-02 14:22:23"
914,28.57,66.69,"2026-01-02 14:22:28"
915,28.54,66.81,"2026-01-02 14:22:33"
916,28.52,66.84,"2026-01-02 14:22:38"
917,28.54,66.87,"2026-01-02 14:22:43"
918,28.51,66.9,"2026-01-02 14:22:48"
919,28.51,66.99,"2026-01-02 14:22:53"
920,28.51,67.03,"2026-01-02 14:22:58"
921,28.48,67.05,"2026-01-02 14:23:04"
922,28.5,67.11,"2026-01-02 14:23:09"
923,28.47,67.12,"2026-01-02 14:23:14"
924,28.47,67.15,"2026-01-02 14:23:19"
925,28.48,67.16,"2026-01-02 14:23:24"
926,28.45,67.18,"2026-01-02 14:23:29"
927,28.45,67.24,"2026-01-02 14:23:34"
928,28.45,67.33,"2026-01-02 14:23:39"
929,28.44,67.29,"2026-01-02 14:23:44"
930,28.43,67.36,"2026-01-02 14:23:49"
931,28.4,67.37,"2026-01-02 14:23:55"
932,28.42,67.39,"2026-01-02 14:24:00"
933,28.39,67.41,"2026-01-02 14:24:05"
934,28.4,67.45,"2026-01-02 14:24:10"
935,28.39,67.48,"2026-01-02 14:24:15"
936,28.37,67.48,"2026-01-02 14:24:20"
937,28.38,67.51,"2026-01-02 14:24:25"
938,28.36,67.57,"2026-01-02 14:24:30"
939,28.36,67.6,"2026-01-02 14:24:36"
940,28.38,67.61,"2026-01-02 14:24:41"
941,28.35,67.65,"2026-01-02 14:24:46"
942,28.37,67.62,"2026-01-02 14:24:51"
943,28.37,67.64,"2026-01-02 14:24:56"
944,28.35,67.66,"2026-01-02 14:25:01"
945,28.35,67.72,"2026-01-02 14:25:06"
946,28.35,67.7,"2026-01-02 14:25:11"
947,28.36,67.8,"2026-01-02 14:25:17"
948,28.31,67.75,"2026-01-02 14:25:26"
949,28.31,67.79,"2026-01-02 14:25:32"
950,28.32,67.79,"2026-01-02 14:25:37"
951,28.32,67.82,"2026-01-02 14:25:42"
952,28.31,67.83,"2026-01-02 14:25:47"
953,28.32,67.88,"2026-01-02 14:25:52"
954,28.31,67.85,"2026-01-02 14:25:57"
955,28.29,67.87,"2026-01-02 14:26:02"
956,28.3,67.93,"2026-01-02 14:26:07"
957,28.28,67.92,"2026-01-02 14:26:12"
958,28.3,67.92,"2026-01-02 14:26:17"
959,28.31,67.93,"2026-01-02 14:26:23"
960,28.29,67.99,"2026-01-02 14:26:28"
961,28.28,67.99,"2026-01-02 14:26:33"
962,28.3,68.02,"2026-01-02 14:26:38"
963,28.28,68.01,"2026-01-02 14:26:43"
964,28.29,68.08,"2026-01-02 14:26:48"
965,28.27,67.98,"2026-01-02 14:26:53"
966,28.28,68.07,"2026-01-02 14:26:59"
967,28.26,68.04,"2026-01-02 14:27:04"
968,28.29,68.06,"2026-01-02 14:27:09"
969,28.27,68.1,"2026-01-02 14:27:14"
970,28.26,68.09,"2026-01-02 14:27:19"
971,28.27,68.1,"2026-01-02 14:27:24"
972,30.26,73.39,"2026-01-02 14:27:29"
973,31.41,78.07,"2026-01-02 14:27:34"
974,31.85,80.03,"2026-01-02 14:27:39"
975,32.08,81.13,"2026-01-02 14:27:44"
976,32.09,81.92,"2026-01-02 14:27:49"
977,31.09,70.78,"2026-01-02 14:27:55"
978,30.6,66.76,"2026-01-02 14:28:00"
979,30.24,64.74,"2026-01-02 14:28:05"
980,30,64.19,"2026-01-02 14:28:10"
981,29.77,64.13,"2026-01-02 14:28:15"
982,29.63,64.34,"2026-01-02 14:28:20"
983,29.52,64.54,"2026-01-02 14:28:25"
984,29.44,64.7,"2026-01-02 14:28:30"
985,29.39,64.88,"2026-01-02 14:28:36"
986,29.35,65.08,"2026-01-02 14:28:42"
987,29.29,65.24,"2026-01-02 14:28:46"
988,29.27,65.33,"2026-01-02 14:28:51"
989,29.23,65.41,"2026-01-02 14:28:56"
990,29.21,65.45,"2026-01-02 14:29:01"
991,29.2,65.54,"2026-01-02 14:29:06"
992,29.19,65.58,"2026-01-02 14:29:11"
993,29.17,65.63,"2026-01-02 14:29:16"
994,29.16,65.69,"2026-01-02 14:30:02"
995,29.17,65.61,"2026-01-02 14:30:07"
996,29.19,65.56,"2026-01-02 14:30:12"
997,29.2,65.52,"2026-01-02 14:30:17"
998,29.19,65.49,"2026-01-02 14:30:23"
999,29.22,65.54,"2026-01-02 14:30:28"
1000,29.22,65.58,"2026-01-02 14:30:34"
1001,29.2,65.47,"2026-01-02 14:30:38"
1002,29.24,65.43,"2026-01-02 14:30:43"
1003,29.24,65.44,"2026-01-02 14:30:48"
1004,29.26,65.43,"2026-01-02 14:30:53"
